'nombre','apellido','telefono','correo'
'Deacon'',''Hunter Kinney','06 11 71 05 53','vitae.odio.sagittis@lobortis.co.uk'
'Allen','Dillon Jensen','06 26 12 14 12','arcu.Vestibulum.ante@vulputateeuodio.net'
'Elton','Holmes Cote','03 14 54 98 06','non.sapien.molestie@eleifendCras.ca'
'Adam','Aidan Riley','03 70 06 62 35','mi@Morbi.edu'
'Chadwick','Gareth Harris','09 95 53 19 85','lacus.Aliquam@amet.ca'
'Jerome','Allen Hicks','06 86 05 06 29','posuere.vulputate@metussit.com'
'Ezekiel','Harrison Chandler','06 66 81 70 90','orci.Donec.nibh@Sed.org'
'Neil','Mufutau Avery','05 94 42 01 05','ac.mattis.velit@ultricesDuisvolutpat.edu'
'Jeremy','Nissim Gibbs','06 27 11 22 57','eget.lacus.Mauris@necmaurisblandit.com'
'Dominic','Harding Faulkner','07 71 49 16 27','turpis.vitae.purus@luctusvulputatenisi.co.uk'
'Addison','Wallace Velazquez','08 70 65 44 55','et@inconsectetueripsum.org'
'Matthew','Berk Rutledge','08 08 82 94 06','Nunc@laoreet.net'
'Alexander','Forrest Cannon','02 74 83 08 70','vitae@tinciduntaliquam.edu'
'Hilel','Dustin Carpenter','02 56 49 24 37','eu.accumsan@diam.org'
'Channing','Abel Cervantes','02 01 81 30 17','accumsan.laoreet@nonlorem.ca'
'Isaiah','Dennis Good','05 24 78 47 07','nisi@fermentumarcuVestibulum.net'
'Thane','Elvis Carney','08 89 40 68 06','ullamcorper@odioNam.org'
'Reuben','Raja Grant','07 18 40 75 04','auctor.quis.tristique@Nam.org'
'Preston','Alfonso Harrison','01 96 04 65 94','laoreet.libero.et@enimcondimentumeget.ca'
'Moses','Chester Pitts','01 43 36 90 98','interdum.ligula@tempusmauris.com'
'Michael','Alden Chase','01 92 69 21 84','Nulla.facilisis.Suspendisse@Aliquamrutrumlorem.com'
'Maxwell','Blaze Marquez','09 99 83 28 18','condimentum.Donec.at@tortor.ca'
'Macaulay','Griffin Lamb','02 69 30 64 62','et.magnis@noncursusnon.com'
'Nissim','Cameron Weiss','06 10 19 08 00','bibendum@congueturpisIn.co.uk'
'Kirk','Harrison David','06 94 56 68 91','imperdiet.dictum.magna@varius.com'
'Adam','Lamar Cobb','02 31 41 62 95','libero.mauris.aliquam@parturientmontes.net'
'Thaddeus','Jared Schwartz','05 61 72 21 99','gravida.molestie.arcu@risusvariusorci.net'
'Odysseus','John Lara','01 87 69 45 74','Nullam.nisl.Maecenas@vitaealiquetnec.com'
'Octavius','Stewart Richards','02 48 43 67 03','scelerisque@eutemporerat.org'
'Talon','Chester Serrano','04 40 84 48 36','gravida.sagittis@euismodac.org'
'Jonah','Neville Elliott','06 43 26 46 88','risus.Nulla@Duis.edu'
'Wade','Ralph Hyde','06 00 47 06 83','mi@cubiliaCuraePhasellus.com'
'Keaton','Judah Juarez','04 86 51 00 33','arcu.Sed.eu@facilisisfacilisismagna.edu'
'Tanek','Talon Livingston','05 41 16 90 83','elementum.dui.quis@eu.net'
'Grady','Ciaran Boyd','05 03 11 81 90','rhoncus.Proin@lectusantedictum.edu'
'Nigel','Wayne Frye','05 55 17 27 48','tincidunt.dui.augue@Phasellusataugue.com'
'Dante','Carson Atkinson','06 43 27 09 21','vulputate.mauris.sagittis@vestibulumneque.edu'
'Dolan','Jordan James','06 22 35 63 59','purus@luctussit.net'
'August','Phelan Schwartz','04 41 06 59 75','augue.ac.ipsum@magnaCrasconvallis.org'
'Kennedy','Denton Nunez','03 78 82 46 52','Integer@elitpharetraut.edu'
'Preston','Cullen Whitaker','04 16 19 10 68','varius@liberoMorbi.org'
'Porter','Andrew Haney','03 24 83 45 28','Etiam.vestibulum@sitamet.net'
'Baker','Dolan Wiggins','08 33 11 63 92','blandit.at@mattissemperdui.org'
'Colorado','Leonard Dodson','07 64 41 70 31','ac.eleifend@facilisis.com'
'Murphy','Vaughan Pena','06 58 49 75 25','Proin.vel.arcu@scelerisquesed.com'
'Macon','Lucas Rivers','01 51 34 63 76','eu.erat.semper@aliquamenimnec.edu'
'Jason','Joel Rasmussen','03 19 57 70 92','egestas.urna.justo@dignissim.org'
'Emery','Elliott Hunt','03 12 03 02 42','a.purus.Duis@nisidictum.com'
'Ray','Nash Butler','04 00 99 76 06','euismod@idanteNunc.ca'
'Callum','Brian Whitfield','02 63 44 49 81','fringilla.cursus.purus@auctor.org'
'Prescott','Chadwick Terry','07 01 00 74 55','Donec@varius.org'
'Paki','Brennan Wong','05 85 81 82 83','Vestibulum.ante.ipsum@mauris.com'
'Theodore','Silas Mcdonald','03 91 69 92 91','urna.justo.faucibus@loremvehicula.ca'
'Lucas','Lee Travis','06 24 23 86 10','bibendum.Donec.felis@tellus.edu'
'Ronan','Joshua Ratliff','02 62 86 08 55','nostra@nibhenimgravida.com'
'Caleb','Sylvester Terrell','07 99 22 64 98','nec.tempus.mauris@diam.edu'
'Hayes','Garth Mercado','04 54 14 96 90','convallis@nislNullaeu.ca'
'Joshua','Reese Mcconnell','05 32 89 57 37','lectus.quis@eleifendegestas.net'
'Harrison','Grant Head','01 09 74 92 27','libero.Proin.sed@dolor.org'
'Trevor','Timothy Rodriguez','04 93 52 07 88','egestas@et.edu'
'Armand','Gavin King','08 19 96 37 81','adipiscing.ligula.Aenean@ametnulla.com'
'Clayton','Elijah Battle','09 92 58 88 08','quis@accumsansed.com'
'Damon','Scott Hutchinson','01 35 57 98 65','sem.Nulla@commodoauctor.edu'
'Myles','Demetrius Lindsey','04 77 28 22 25','aliquet@uterosnon.ca'
'Owen','Kareem Reynolds','06 93 41 08 74','ipsum.Curabitur@liberoIntegerin.org'
'Harlan','Chase Wilkerson','03 59 56 25 97','Quisque.nonummy@ante.ca'
'Aaron','Cadman Aguirre','08 11 91 99 77','mauris.Integer@nunc.com'
'Connor','Zachary Frye','03 29 77 24 20','gravida.molestie@odiosagittissemper.edu'
'Harrison','William Haley','07 66 26 35 45','magna@lectus.co.uk'
'Ryan','Brennan Walton','08 47 55 84 07','id.ante@eteros.co.uk'
'Quamar','Steel Dunlap','03 86 44 13 68','enim.nisl@molestietortor.edu'
'Raja','Kuame Everett','09 71 40 23 30','orci.in.consequat@vulputate.co.uk'
'Lionel','Hoyt Ware','09 74 16 45 55','mauris.sapien.cursus@adipiscing.ca'
'Rashad','Nigel Hampton','05 83 87 84 26','enim@et.edu'
'Levi','Devin Mejia','04 56 51 36 89','malesuada@laoreetlibero.co.uk'
'Forrest','Mannix Holland','09 00 21 84 13','augue.porttitor@mollisnoncursus.ca'
'Henry','Zachary Aguirre','07 20 45 61 48','sem.magna.nec@ante.net'
'Aaron','Ferris Alexander','08 15 06 47 96','facilisis@elitpellentesque.ca'
'Owen','Beck Rios','03 62 80 89 54','tincidunt.aliquam.arcu@risusQuisque.edu'
'Victor','Dante Gallagher','07 50 28 57 14','a.malesuada.id@loremeu.ca'
'Salvador','Isaiah Avila','03 96 07 71 89','mollis.Integer.tincidunt@sagittisfelisDonec.com'
'Solomon','Tobias Clay','08 74 45 33 49','massa.lobortis.ultrices@quispede.net'
'Thor','Norman Cote','09 02 39 74 89','sagittis.augue@id.com'
'Scott','Denton Barnett','07 80 43 60 26','pharetra.nibh@pellentesquea.net'
'Basil','Tarik Henry','05 25 96 93 19','eu.eros@fermentummetusAenean.edu'
'Tyler','Gage Parsons','05 08 17 86 04','Suspendisse.non.leo@acmattisvelit.org'
'Dante','Lawrence Raymond','02 36 17 51 21','euismod.est@metusvitae.org'
'Xenos','Raphael Griffith','07 93 76 58 31','montes.nascetur.ridiculus@pretium.ca'
'Maxwell','Erasmus Doyle','06 37 11 96 95','sagittis.placerat.Cras@utdolor.ca'
'Herrod','Griffin Boyd','04 43 37 95 41','leo.Cras.vehicula@aliquamenim.org'
'Emerson','Shad Barnett','06 64 93 07 53','amet.consectetuer@velit.ca'
'Chase','Tyrone Mclean','09 15 32 39 71','Donec.felis.orci@elitpharetra.net'
'Jermaine','Gary Buckley','05 10 26 58 57','ut.nisi.a@eudolor.net'
'Kane','Uriel Mercado','09 57 08 49 87','ligula.Donec@ipsumSuspendisse.com'
'Fletcher','Richard Boyd','09 48 15 17 64','sed@etultricesposuere.net'
'Chandler','Talon Schroeder','08 75 75 08 05','dolor.dapibus@ametdapibusid.org'
'Kasper','Marshall Ballard','05 74 44 85 69','ligula.consectetuer@semegestas.net'
'Colorado','Elvis Walters','05 14 15 01 51','aliquet@venenatislacusEtiam.net'
'Malcolm','Bradley Sweet','06 77 14 04 77','eros.non.enim@pede.net'
'Buckminster','Channing Orr','07 85 07 23 36','Pellentesque.ultricies.dignissim@Mauris.net'